123 123 125,Adfs,12/12/1990,Male,0123456789,cakfjdsk@fjk.fd,fdsf,fds,
123 123 125,Adfs,12/12/1990,Male,0123456789,cakfjdsk@fjk.fd,fdsf,fds,SVVL-3434,Dfdsfs,Dfdsf,34,3,Dfdsf,Dfdsf,34,34,3
123 123 125,Adfs,12/12/1990,Male,0123456789,cakfjdsk@fjk.fd,fdsf,fds,SVVL-9090,Dsdfds,Dfdsf,34,3,Dsffds,Dfdsf,5435,5435,432423
123 123 125,Adfs,12/12/1990,Male,0123456789,cakfjdsk@fjk.fd,fdsf,fds,SVVL-7866,Vip,fdsf,43,12,Pro,Kaka,fdsf,31,200
123 123 125,Adfs,12/12/1990,Male,0123456789,cakfjdsk@fjk.fd,fdsf,fds,SVVL-8989,Villa,fdsf,432,3,Jfd,Kfds,Kfds,43,43
123 123 125,Adfs,12/12/1990,Male,0123456789,cakfjdsk@fjk.fd,fdsf,fds,SVVL-0909,Ddsfds,43,3,2,Dfds,Dfdsf,3,34,3
123 123 125,Adfs,12/12/1990,Male,0123456789,cakfjdsk@fjk.fd,fdsf,fds,SVVL-9090,Dsdfds,Dfdsf,34,3,Dsffds,Dfdsf,5435,5435,432423
123 123 124,Adfs,12/12/2000,Male,0123456789,akfjdsk@fjk.fd,fds,fds,SVVL-8989,Villa,fdsf,432,3,Jfd,Kfds,Kfds,43,43
123 123 125,Adfs,12/12/1990,Male,0123456789,cakfjdsk@fjk.fd,fdsf,fds,SVVL-8989,Villa,fdsf,432,3,Jfd,Kfds,Kfds,43,43

